[
  {
    "category": "DeviceApi",
    "name": "QueryDevices",
    "method": "POST",
    "url": "/devices/query?api-version=2020-03-01",
    "headers": "x-ms-max-item-count:100",
    "payload": {
      "query": "SELECT * FROM devices WHERE deviceId='Device10' "
    },
    "description": null
  },
  {
    "category": "DeviceApi",
    "name": "GetDevice",
    "method": "GET",
    "url": "/devices/Device10?api-version=2020-03-01",
    "headers": null,
    "payload": null,
    "description": null
  },
  {
    "category": "DeviceApi",
    "name": "GetDevices",
    "method": "GET",
    "url": "/devices?api-version=2020-03-01&top=10",
    "headers": null,
    "payload": null,
    "description": null
  },
  {
    "category": "DeviceApi",
    "name": "CreateDevice",
    "method": "PUT",
    "url": "/devices/Device10?api-version=2020-03-01",
    "headers": "accept: application/json | accept-encoding: deflate, json | content-type: application/json",
    "payload": {
      "deviceId": "Device10",
      "status": "enabled",
      "statusReason": null,
      "authentication": {
        "symmetricKey": {
          "primaryKey": null,
          "secondaryKey": null
        },
        "x509Thumbprint": null
      },
      "description": null
    }
  },
  {
    "category": "DeviceApi",
    "name": "DeleteDevice",
    "method": "DELETE",
    "url": "/devices/Device10?api-version=2020-03-01",
    "headers": "accept: application/json | accept-encoding: deflate, json | content-type: application/json | Xif-match: *",
    "payload": null,
    "description": null
  },

  {
    "category": "HttpRuntime",
    "name": "SendDeviceEvent",
    "method": "POST",
    "url": "/devices/Device10/messages/events?api-version=2020-03-01",
    "headers": "accept: application/json | accept-encoding: deflate, json | content-type: application/json | iothub-messageId:00000000000000000000000000000000 | iothub-correlationId: 1234567890 | iothub-userId: 911 | iothub-app-location: BA | iothub-Xto:Device1",
    "payload": {
      "time": "2016-10-08T05:38:19.6489085Z",
      "counter": 1020,
      "deviceId": "Device10",
      "windSpeed": 19.644,
      "humidity": 55.55,
      "temperature": 25.25
    },
    "description": null
  },

  {
    "category": "HttpRuntime",
    "name": "GetCloud2DeviceMessage",
    "method": "GET",
    "url": "/devices/Device10/messages/deviceBound?api-version=2020-03-01",
    "headers": "accept: application/json",
    "payload": null,
    "description": null
  },
  {
    "category": "HttpRuntime",
    "name": "CompleteCloud2DeviceMessage",
    "method": "DELETE",
    "url": "/devices/Device10/messages/deviceBound/{ETag}?api-version=2020-03-01",
    "headers": "accept: application/json",
    "payload": null,
    "description": null
  },
  {
    "category": "HttpRuntime",
    "name": "CancelCloud2DeviceMessage",
    "method": "DELETE",
    "url": "/devices/Device10/messages/deviceBound/{ETag}?api-version=2020-03-01&reject",
    "headers": "accept: application/json",
    "payload": null,
    "description": null
  },

  {
    "category": "JobApi",
    "name": "QueryJobs",
    "method": "GET",
    "url": "/jobs/v2/query?api-version=2020-03-01",
    "headers": "accept: application/json | x-ms-max-item-count:100",
    "payload": null,
    "description": null
  },

  {
    "category": "JobApi",
    "name": "GetJob",
    "method": "GET",
    "url": "/jobs/v2/myJob?api-version=2020-03-01",
    "headers": "accept: application/json",
    "payload": null,
    "description": null
  },

  {
    "category": "JobApi",
    "name": "CreateImportExportJob",
    "method": "POST",
    "url": "/jobs/create?api-version=2020-03-01",
    "headers": "accept: application/json",
    "payload": {
      "inputBlobContainerUri": "https://myiot.blob.core.windows.net/exporttwins?st=2019-01-04T10%3A03%3A00Z&se=2019-12-10T10%3A03%3A00Z&sp=rwdl&sv=2018-03-28&sr=c&sig=****",
      "outputBlobContainerUri": "https://myiot.blob.core.windows.net/exporttwins?st=2019-01-04T10%3A03%3A00Z&se=2019-12-10T10%3A03%3A00Z&sp=rwdl&sv=2018-03-28&sr=c&sig=****",
      "inputBlobName": null,
      "type": "import"
    },
    "description": null
  },

  {
    "category": "JobApi",
    "name": "GetImportExportJob",
    "method": "GET",
    "url": "/jobs/myJobId?api-version=2020-03-01",
    "headers": "accept: application/json",
    "payload": null,
    "description": null
  },
  {
    "category": "TwinApi",
    "name": "QueryDeviceTwins",
    "method": "POST",
    "url": "/devices/query?api-version=2020-03-01",
    "headers": "accept: application/json | x-ms-max-item-count:100",
    "payload": {
      "query": "SELECT * FROM devices WHERE is_defined(devices.properties.desired.telemetryConfig)"
    },
    "description": null
  },

  {
    "category": "TwinApi",
    "name": "GetDeviceTwin",
    "method": "GET",
    "url": "/twins/Device10?api-version=2020-03-01",
    "headers": "accept: application/json",
    "payload": null,
    "description": null
  },

  {
    "category": "TwinApi",
    "name": "UpdateDeviceTwin",
    "method": "PATCH",
    "url": "/twins/Device10?api-version=2020-03-01",
    "headers": "accept: application/json",
    "payload": {
      "properties": {
        "desired": {
          "color": "RED",
          "sequence": "ABC"
        }
      }
    },
    "description": null
  },

  {
    "category": "TwinApi",
    "name": "SendDirectMethod",
    "method": "POST",
    "url": "/twins/Device1/methods?api-version=2020-03-01",
    "headers": "accept: application/json",
    "payload": {
      "methodName": "writeLine",
      "responseTimeoutInSeconds": 10,
      "payload": {
        "input1": 12345,
        "input2": "HelloDevice10"
      }
    },
    "description": null
  },
  {
    "category": "TwinApi",
    "name": "SendStreamInquire",
    "method": "POST",
    "url": "/twins/Device1/streams/teststream?api-version=2018-08-30-preview",
    "headers": "accept: application/json",
    "payload": {
      "abcd": "12345"
    },
    "description": null
  },
  {
    "category": "UploadBlobFile",
    "name": "ReferenceUploadBlobFile",
    "method": "POST",
    "url": "/devices/myFirstDevice/files?api-version=2020-03-01",
    "headers": "accept: application/json | content-type: application/json",
    "payload": {
      "blobName": "test.json"
    },
    "description": null
  },
  {
    "category": "UploadBlobFile",
    "name": "UploadBlobFile",
    "method": "PUT",
    "url": "https://function12345.blob.core.windows.net/devices-upload/myFirstDevice/test.json?sv=2015-07-08&sr=b&sig=****&se=2017-02-03T13%3A49%3A51Z&sp=rw",
    "headers": "accept: application/json | content-type: application/json | x-ms-blob-type:blockblob",
    "payload": {
      "Name": "blah blah blah"
    },
    "description": null
  },
  {
    "category": "UploadBlobFile",
    "name": "NotifyUploadBlobFile",
    "method": "POST",
    "url": "/devices/myFirstDevice/files/notifications?api-version=2020-03-01",
    "headers": "accept: application/json | content-type: application/json",
    "payload": {
      "correlationId": " ",
      "statusCode": 0,
      "statusDescription": "Hello Cloud",
      "isSuccess": true
    },
    "description": null
  },
  {
    "category": "UploadBlobFile",
    "name": "GetUploadBlobFileNotification",
    "method": "GET",
    "url": "https://myfunc.azurewebsites.net/api/HttpFileUploadFeedback?code=****",
    "headers": "accept: application/json | content-type: application/json",
    "payload": null,
    "description": "Using the Azure Function to get the notification message"
  },
  {
    "category": "Misc",
    "name": "RequestToMicroservice",
    "method": "POST",
    "url": "https://myfunc.azurewebsites.net/api/microservice?code=****&name=template/none/1000",
    "headers": "accept: application/json | content-type: application/json",
    "payload": {
      "name": "Hello Device",
      "ts": "$DateTime.UtcNow"
    },
    "description": null
  },
  {
    "category": "Misc",
    "name": "HttpC2D",
    "method": "POST",
    "url": "https://myfunc.azurewebsites.net/api/HttpC2D?code=****&name=Device1",
    "headers": "accept: application/json | content-type: application/json | iothub-messageId:00000000000000000000000000000000 | iothub-correlationId: 1234567890 | iothub-app-location: BA",
    "payload": {
      "name": "Hello Device",
      "ts": "$DateTime.UtcNow"
    },
    "description": null
  },
  {
    "category": "Misc",
    "name": "HttpC2DFeedback",
    "method": "GET",
    "url": "https://myfunc.azurewebsites.net/api/HttpC2DFeedback?code=****",
    "headers": "accept: application/json | content-type: application/json",
    "payload": null,
    "description": null
  }
]